Jerome,Jerome@email.com,ASPWebsite
Luke,Luke@email.com,ASP1
James,James@email.com,ASP2
Peter,Peter@email.com,ASP3
Don,Don@email.com,ASP4
Hannah,Hannah@email.com,ASP5
Galdino,Galdino@email.com,ASP6
Jose,Jose@email,com,ASP7
Andrew,Andrew@email.com,ASP8